Chemin relatif,Nom,Extension,Sous_dossier
site_et_sols_pollues\01\fichier01.xlsx,fichier01,.xlsx,01
site_et_sols_pollues\02\fichier02.xlsx,fichier02,.xlsx,02
site_et_sols_pollues\03\fichier03.xlsx,fichier03,.xlsx,03
site_et_sols_pollues\04\fichier04.xlsx,fichier04,.xlsx,04
site_et_sols_pollues\05\fichier05.xlsx,fichier05,.xlsx,05
site_et_sols_pollues\06\fichier06.xlsx,fichier06,.xlsx,06
site_et_sols_pollues\07\fichier07.xlsx,fichier07,.xlsx,07
site_et_sols_pollues\08\fichier08.xlsx,fichier08,.xlsx,08
site_et_sols_pollues\09\fichier09.xlsx,fichier09,.xlsx,09
site_et_sols_pollues\10\fichier10.xlsx,fichier10,.xlsx,10
site_et_sols_pollues\11\fichier11.xlsx,fichier11,.xlsx,11
site_et_sols_pollues\12\fichier12.xlsx,fichier12,.xlsx,12
site_et_sols_pollues\13\fichier13.xlsx,fichier13,.xlsx,13
site_et_sols_pollues\14\fichier14.xlsx,fichier14,.xlsx,14
site_et_sols_pollues\15\fichier15.xlsx,fichier15,.xlsx,15
site_et_sols_pollues\16\fichier16.xlsx,fichier16,.xlsx,16
site_et_sols_pollues\17\fichier17.xlsx,fichier17,.xlsx,17
site_et_sols_pollues\18\fichier18.xlsx,fichier18,.xlsx,18
site_et_sols_pollues\19\fichier19.xlsx,fichier19,.xlsx,19
site_et_sols_pollues\21\fichier21.xlsx,fichier21,.xlsx,21
site_et_sols_pollues\22\fichier22.xlsx,fichier22,.xlsx,22
site_et_sols_pollues\23\fichier23.xlsx,fichier23,.xlsx,23
site_et_sols_pollues\24\fichier24.xlsx,fichier24,.xlsx,24
site_et_sols_pollues\25\fichier25.xlsx,fichier25,.xlsx,25
site_et_sols_pollues\26\fichier26.xlsx,fichier26,.xlsx,26
site_et_sols_pollues\27\fichier27.xlsx,fichier27,.xlsx,27
site_et_sols_pollues\28\fichier28.xlsx,fichier28,.xlsx,28
site_et_sols_pollues\29\fichier29.xlsx,fichier29,.xlsx,29
site_et_sols_pollues\30\fichier30.xlsx,fichier30,.xlsx,30
site_et_sols_pollues\31\fichier31.xlsx,fichier31,.xlsx,31
site_et_sols_pollues\32\fichier32.xlsx,fichier32,.xlsx,32
site_et_sols_pollues\33\fichier33.xlsx,fichier33,.xlsx,33
site_et_sols_pollues\34\fichier34.xlsx,fichier34,.xlsx,34
site_et_sols_pollues\35\fichier35.xlsx,fichier35,.xlsx,35
site_et_sols_pollues\36\fichier36.xlsx,fichier36,.xlsx,36
site_et_sols_pollues\37\fichier37.xlsx,fichier37,.xlsx,37
site_et_sols_pollues\38\fichier38.xlsx,fichier38,.xlsx,38
site_et_sols_pollues\39\fichier39.xlsx,fichier39,.xlsx,39
site_et_sols_pollues\40\fichier40.xlsx,fichier40,.xlsx,40
site_et_sols_pollues\41\fichier41.xlsx,fichier41,.xlsx,41
site_et_sols_pollues\42\fichier42.xlsx,fichier42,.xlsx,42
site_et_sols_pollues\43\fichier43.xlsx,fichier43,.xlsx,43
site_et_sols_pollues\44\fichier44.xlsx,fichier44,.xlsx,44
site_et_sols_pollues\45\fichier45.xlsx,fichier45,.xlsx,45
site_et_sols_pollues\46\fichier46.xlsx,fichier46,.xlsx,46
site_et_sols_pollues\47\fichier47.xlsx,fichier47,.xlsx,47
site_et_sols_pollues\48\fichier48.xlsx,fichier48,.xlsx,48
site_et_sols_pollues\49\fichier49.xlsx,fichier49,.xlsx,49
site_et_sols_pollues\50\fichier50.xlsx,fichier50,.xlsx,50
site_et_sols_pollues\51\fichier51.xlsx,fichier51,.xlsx,51
site_et_sols_pollues\52\fichier52.xlsx,fichier52,.xlsx,52
site_et_sols_pollues\53\fichier53.xlsx,fichier53,.xlsx,53
site_et_sols_pollues\54\fichier54.xlsx,fichier54,.xlsx,54
site_et_sols_pollues\55\fichier55.xlsx,fichier55,.xlsx,55
site_et_sols_pollues\56\fichier56.xlsx,fichier56,.xlsx,56
site_et_sols_pollues\57\fichier57.xlsx,fichier57,.xlsx,57
site_et_sols_pollues\58\fichier58.xlsx,fichier58,.xlsx,58
site_et_sols_pollues\59\fichier59.xlsx,fichier59,.xlsx,59
site_et_sols_pollues\60\fichier60.xlsx,fichier60,.xlsx,60
site_et_sols_pollues\61\fichier61.xlsx,fichier61,.xlsx,61
site_et_sols_pollues\62\fichier62.xlsx,fichier62,.xlsx,62
site_et_sols_pollues\63\fichier63.xlsx,fichier63,.xlsx,63
site_et_sols_pollues\64\fichier64.xlsx,fichier64,.xlsx,64
site_et_sols_pollues\65\fichier65.xlsx,fichier65,.xlsx,65
site_et_sols_pollues\66\fichier66.xlsx,fichier66,.xlsx,66
site_et_sols_pollues\67\fichier67.xlsx,fichier67,.xlsx,67
site_et_sols_pollues\68\fichier68.xlsx,fichier68,.xlsx,68
site_et_sols_pollues\69\fichier69.xlsx,fichier69,.xlsx,69
site_et_sols_pollues\70\fichier70.xlsx,fichier70,.xlsx,70
site_et_sols_pollues\71\fichier71.xlsx,fichier71,.xlsx,71
site_et_sols_pollues\72\fichier72.xlsx,fichier72,.xlsx,72
site_et_sols_pollues\73\fichier73.xlsx,fichier73,.xlsx,73
site_et_sols_pollues\74\fichier74.xlsx,fichier74,.xlsx,74
site_et_sols_pollues\75\fichier75.xlsx,fichier75,.xlsx,75
site_et_sols_pollues\76\fichier76.xlsx,fichier76,.xlsx,76
site_et_sols_pollues\77\fichier77.xlsx,fichier77,.xlsx,77
site_et_sols_pollues\78\fichier78.xlsx,fichier78,.xlsx,78
site_et_sols_pollues\79\fichier79.xlsx,fichier79,.xlsx,79
site_et_sols_pollues\80\fichier80.xlsx,fichier80,.xlsx,80
site_et_sols_pollues\81\fichier81.xlsx,fichier81,.xlsx,81
site_et_sols_pollues\82\fichier82.xlsx,fichier82,.xlsx,82
site_et_sols_pollues\83\fichier83.xlsx,fichier83,.xlsx,83
site_et_sols_pollues\84\fichier84.xlsx,fichier84,.xlsx,84
site_et_sols_pollues\85\fichier85.xlsx,fichier85,.xlsx,85
site_et_sols_pollues\86\fichier86.xlsx,fichier86,.xlsx,86
site_et_sols_pollues\87\fichier87.xlsx,fichier87,.xlsx,87
site_et_sols_pollues\88\fichier88.xlsx,fichier88,.xlsx,88
site_et_sols_pollues\89\fichier89.xlsx,fichier89,.xlsx,89
site_et_sols_pollues\90\fichier90.xlsx,fichier90,.xlsx,90
site_et_sols_pollues\91\fichier91.xlsx,fichier91,.xlsx,91
site_et_sols_pollues\92\fichier92.xlsx,fichier92,.xlsx,92
site_et_sols_pollues\93\fichier93.xlsx,fichier93,.xlsx,93
site_et_sols_pollues\94\fichier94.xlsx,fichier94,.xlsx,94
site_et_sols_pollues\95\fichier95.xlsx,fichier95,.xlsx,95
site_et_sols_pollues\971\fichier971.xlsx,fichier971,.xlsx,971
site_et_sols_pollues\972\fichier972.xlsx,fichier972,.xlsx,972
site_et_sols_pollues\973\fichier973.xlsx,fichier973,.xlsx,973
site_et_sols_pollues\974\fichier974.xlsx,fichier974,.xlsx,974
site_et_sols_pollues\976\fichier976.xlsx,fichier976,.xlsx,976
